"Player","Team","POS","ATT","YDS","TDS","REC","YDS","TDS","FL","FPTS"
" "," ","","",""
"Jahmyr Gibbs","DET","RB1","274.4","1,381.0","13.8","70.9","580.3","4.1","1.1","337.1"
"Bijan Robinson","ATL","RB2","289.6","1,427.4","9.5","79.6","736.7","3.5","1.8","330.2"
"Christian McCaffrey","SF","RB3","270.9","1,099.4","9.2","76.0","668.5","4.6","1.1","295.5"
"Jonathan Taylor","IND","RB4","327.4","1,509.8","12.9","45.1","338.2","1.5","1.7","289.9"
"Puka Nacua","LAR","WR1","13.6","85.0","1.4","117.0","1,539.0","9.0","1.0","281.3"
"Ja'Marr Chase","CIN","WR2","3.0","17.0","0.0","121.2","1,510.4","10.6","1.0","275.0"
"Jaxon Smith-Njigba","SEA","WR3","5.5","30.4","0.1","110.9","1,568.4","9.2","1.1","268.6"
"Derrick Henry","BAL","RB5","314.0","1,568.7","13.4","17.8","172.2","0.7","1.7","264.2"
"Amon-Ra St. Brown","DET","WR4","3.1","11.8","0.0","117.0","1,390.5","10.5","0.4","261.0"
"De'Von Achane","MIA","RB6","237.9","1,197.5","6.0","65.3","490.6","4.0","1.0","259.3"
"James Cook III","BUF","RB7","287.3","1,403.5","10.3","33.3","281.7","1.9","2.4","253.6"
"Ashton Jeanty","LV","RB8","281.4","1,107.2","8.0","58.7","414.2","3.3","1.1","247.5"
"Chase Brown","CIN","RB9","239.4","1,040.5","7.5","64.4","430.2","3.9","1.1","245.5"
"Saquon Barkley","PHI","RB10","295.9","1,311.3","8.2","41.7","330.4","2.1","1.0","245.0"
"Josh Jacobs","GB","RB11","288.8","1,161.3","12.0","35.7","283.6","1.2","1.3","239.1"
"Drake London","ATL","WR5","0.0","0.0","0.0","101.7","1,328.9","9.4","1.0","238.4"
"Omarion Hampton","LAC","RB12","249.1","1,072.9","10.0","51.6","352.8","2.0","1.1","237.8"
"Breece Hall","NYJ","RB13","259.3","1,159.7","6.5","47.4","411.3","2.2","1.7","229.9"
"Kenneth Walker III","KC","RB14","255.7","1,158.1","8.3","45.1","347.1","1.2","0.9","228.6"
"Jeremiyah Love","ARI","RB15","238.3","1,078.7","7.2","54.4","419.3","2.1","2.2","228.5"
"CeeDee Lamb","DAL","WR6","2.4","12.5","0.0","97.6","1,297.3","7.5","0.3","224.5"
"Rashee Rice","KC","WR7","5.4","25.5","0.9","98.8","1,099.0","9.7","0.6","224.0"
"Kyren Williams","LAR","RB16","240.2","1,118.1","10.1","33.5","239.6","2.2","1.5","223.1"
"Cam Skattebo","NYG","RB17","243.4","1,015.7","8.1","45.8","364.0","2.5","1.6","221.5"
"Justin Jefferson","MIN","WR8","1.3","5.5","0.0","98.6","1,302.2","6.8","0.3","220.3"
"Javonte Williams","DAL","RB18","255.5","1,157.4","10.4","33.0","192.1","1.2","1.6","217.5"
"A.J. Brown","NE","WR9","0.0","0.0","0.0","88.7","1,234.4","7.6","0.3","213.1"
"George Pickens","DAL","WR10","0.3","-0.3","0.0","82.7","1,202.1","8.4","0.5","210.9"
"Chris Olave","NO","WR11","0.3","0.0","0.0","94.2","1,169.2","7.8","0.3","210.3"
"Travis Etienne Jr.","NO","RB19","244.6","1,036.3","5.4","44.9","351.2","3.0","1.0","209.5"
"Nico Collins","HOU","WR12","1.4","8.3","0.4","82.5","1,212.5","7.2","0.8","207.2"
"D'Andre Swift","CHI","RB20","233.1","1,053.1","8.1","34.8","299.9","1.0","1.0","205.3"
"Bucky Irving","TB","RB21","256.5","1,020.9","6.1","39.9","336.2","2.3","1.0","203.9"
"Zay Flowers","BAL","WR13","9.9","58.8","0.5","81.9","1,168.3","6.5","1.5","202.6"
"Trey McBride","ARI","TE1","0.0","0.0","0.0","109.0","1,050.6","6.8","0.2","199.8"
"Quinshon Judkins","CLE","RB22","289.4","1,104.8","8.1","31.3","218.3","0.6","0.9","198.1"
"Brock Bowers","LV","TE2","0.0","0.0","0.0","96.5","1,025.0","7.5","0.2","195.5"
"Garrett Wilson","NYJ","WR14","1.1","4.3","0.0","96.4","1,090.2","6.4","1.0","194.0"
"Bhayshul Tuten","JAC","RB23","243.0","992.5","8.2","29.2","221.6","2.1","2.2","193.8"
"DeVonta Smith","PHI","WR15","0.0","0.0","0.0","87.8","1,134.8","6.0","0.3","192.8"
"Malik Nabers","NYG","WR16","2.7","7.9","0.0","78.5","1,047.2","8.0","0.4","192.0"
"Emeka Egbuka","TB","WR17","1.4","7.3","0.0","72.9","1,097.1","7.5","0.3","191.5"
"Tetairoa McMillan","CAR","WR18","0.0","0.0","0.0","78.5","1,125.1","6.4","0.9","188.5"
"Davante Adams","LAR","WR19","0.0","0.0","0.0","68.5","926.1","10.2","0.2","187.8"
"Tee Higgins","CIN","WR20","0.0","0.0","0.0","70.7","964.8","9.1","0.2","186.0"
"Jameson Williams","DET","WR21","7.3","42.0","0.5","64.4","1,065.0","6.6","0.2","185.1"
"TreVeyon Henderson","NE","RB24","190.1","885.9","7.3","37.7","261.5","1.2","0.9","182.7"
"Terry McLaurin","WAS","WR22","0.3","0.3","0.0","71.4","980.5","7.6","0.3","178.5"
"Rome Odunze","CHI","WR23","0.3","1.3","0.0","63.4","980.1","8.1","0.3","178.1"
"David Montgomery","HOU","RB25","225.5","936.6","7.3","30.5","226.2","0.5","1.0","176.7"
"Alec Pierce","IND","WR24","0.0","0.0","0.0","63.8","1,049.7","6.5","0.3","175.5"
"Tony Pollard","TEN","RB26","238.8","1,045.3","5.9","31.9","207.7","0.5","2.1","175.1"
"Jadarian Price","SEA","RB27","215.2","912.2","7.6","26.0","220.1","1.1","2.0","174.5"
"Ladd McConkey","LAC","WR25","0.0","0.0","0.0","76.9","977.3","6.4","0.3","174.1"
"DJ Moore","BUF","WR26","10.3","54.0","0.5","69.1","899.6","7.0","0.8","173.1"
"Jaylen Waddle","DEN","WR27","1.7","12.4","0.0","74.6","983.7","6.0","0.3","172.4"
"Luther Burden III","CHI","WR28","7.7","38.2","0.1","72.7","972.9","5.7","0.3","171.7"
"Jaylen Warren","PIT","RB28","188.0","825.9","4.8","42.0","320.6","1.5","0.9","171.6"
"Colston Loveland","CHI","TE3","0.0","0.0","0.0","78.1","916.0","6.7","0.2","170.2"
"Rico Dowdle","PIT","RB29","206.6","899.4","6.2","32.1","225.7","1.0","1.0","169.7"
"Courtland Sutton","DEN","WR29","0.0","0.0","0.0","69.4","902.9","7.5","0.2","169.7"
"Chuba Hubbard","CAR","RB30","207.0","834.2","5.4","36.4","260.4","1.8","1.4","168.2"
"Rhamondre Stevenson","NE","RB31","168.8","733.6","6.5","36.8","309.8","1.6","2.1","167.5"
"Mike Evans","SF","WR30","0.0","0.0","0.0","65.1","916.8","6.7","0.2","163.9"
"Marvin Harrison Jr.","ARI","WR31","0.0","0.0","0.0","67.3","944.9","6.0","0.3","163.6"
"Christian Watson","GB","WR32","1.7","8.0","0.0","56.0","901.0","7.4","0.3","162.8"
"DK Metcalf","PIT","WR33","0.7","3.3","0.3","64.2","923.5","6.1","0.2","162.6"
"J.K. Dobbins","DEN","RB32","218.2","1,021.1","6.6","17.7","94.3","0.6","0.7","161.8"
"Tyler Warren","IND","TE4","0.0","0.0","0.0","82.7","871.3","5.4","0.3","160.5"
"Kyle Pitts Sr.","ATL","TE5","0.0","0.0","0.0","79.5","881.6","4.7","0.1","156.0"
"RJ Harvey","DEN","RB33","130.5","495.7","4.6","46.6","343.9","3.5","0.8","154.6"
"Harold Fannin Jr.","CLE","TE6","0.0","0.0","0.0","78.3","815.1","5.4","0.8","151.4"
"Jakobi Meyers","JAC","WR34","4.7","23.0","0.1","70.6","814.5","5.4","0.8","150.4"
"Michael Pittman Jr.","PIT","WR35","0.0","0.0","0.0","80.5","803.4","5.0","0.3","149.7"
"Parker Washington","JAC","WR36","5.3","13.6","0.1","60.9","843.6","5.4","0.4","148.2"
"Carnell Tate","TEN","WR37","0.7","3.0","0.0","66.3","902.7","4.5","1.4","148.2"
"Sam LaPorta","DET","TE7","0.0","0.0","0.0","69.8","809.4","5.5","0.2","148.2"
"Rachaad White","WAS","RB34","139.9","618.2","5.4","38.9","262.7","1.6","0.8","147.8"
"Aaron Jones Sr.","MIN","RB35","160.0","682.2","3.6","41.0","303.4","1.7","1.6","147.5"
"Brian Thomas Jr.","JAC","WR38","2.7","18.0","0.4","55.7","837.7","5.3","0.2","147.5"
"Wan'Dale Robinson","TEN","WR39","2.0","9.5","0.1","83.0","833.8","3.6","0.3","147.4"
"Dallas Goedert","PHI","TE8","0.0","0.0","0.0","65.5","689.2","7.6","0.2","146.6"
"Tucker Kraft","GB","TE9","0.0","0.0","0.0","59.9","770.1","6.4","0.2","145.0"
"Jayden Reed","GB","WR40","12.0","86.6","0.1","62.8","757.3","4.8","0.4","144.6"
"Kyle Monangai","CHI","RB36","191.0","816.9","5.2","22.9","192.7","0.4","0.7","144.5"
"Travis Kelce","KC","TE10","0.0","0.0","0.0","74.9","784.2","4.8","0.3","144.3"
"Kenny Gainwell","TB","RB37","113.6","498.5","3.9","49.7","351.8","2.0","0.9","143.4"
"Quentin Johnston","LAC","WR41","1.7","6.3","0.0","53.6","756.3","6.9","0.7","143.0"
"Michael Wilson","ARI","WR42","0.0","0.7","0.0","67.5","826.3","4.5","0.2","142.9"
"Chris Godwin Jr.","TB","WR43","0.3","0.3","0.0","67.8","773.2","5.2","0.3","141.8"
"George Kittle","SF","TE11","0.0","0.0","0.0","66.4","755.2","5.6","0.2","141.6"
"Jordan Addison","MIN","WR44","2.7","37.1","0.4","55.2","757.8","5.4","0.2","141.3"
"Jordyn Tyson","NO","WR45","0.7","3.0","0.0","63.2","856.5","4.3","1.3","140.9"
"Xavier Worthy","KC","WR46","15.5","99.3","0.9","55.2","721.6","4.2","0.2","139.7"
"Jacory Croskey-Merritt","WAS","RB38","182.3","820.7","7.5","11.2","79.5","0.2","1.7","138.0"
"Josh Downs","IND","WR47","1.4","4.3","0.0","75.9","736.4","4.3","0.8","136.3"
"Khalil Shakir","BUF","WR48","1.1","5.5","0.0","72.4","748.1","4.2","0.8","135.6"
"Makai Lemon","PHI","WR49","1.5","7.0","0.0","56.8","798.2","4.6","1.3","134.0"
"Isaiah Likely","NYG","TE12","0.0","0.0","0.0","62.9","746.1","5.1","1.3","133.8"
"Mark Andrews","BAL","TE13","0.0","0.0","0.0","58.3","607.7","7.4","0.3","133.7"
"Blake Corum","LAR","RB39","167.7","801.5","6.4","11.9","80.4","0.2","0.7","132.6"
"Romeo Doubs","NE","WR50","0.0","0.0","0.0","56.7","735.1","5.2","0.3","132.5"
"Rashid Shaheed","SEA","WR51","13.4","88.9","0.3","49.9","754.8","3.8","0.8","131.7"
"Jonathon Brooks","CAR","RB40","167.9","678.5","4.3","26.5","204.3","1.1","1.4","131.3"
"Jordan Mason","MIN","RB41","181.7","827.8","5.8","14.5","75.8","0.1","1.0","131.2"
"Dalton Kincaid","BUF","TE14","0.0","0.0","0.0","56.8","701.6","5.5","0.2","131.0"
"Jake Ferguson","DAL","TE15","0.0","0.0","0.0","74.1","607.0","5.9","1.4","130.6"
"John Metchie III","CAR","WR52","3.0","-4.0","0.0","65.0","617.0","6.0","0.0","130.2"
"Calvin Ridley","TEN","WR53","4.5","27.5","0.6","48.1","785.3","3.3","0.2","128.4"
"Matthew Golden","GB","WR54","5.5","27.3","0.1","54.9","731.0","4.2","0.4","128.4"
"Hunter Henry","NE","TE16","0.0","0.0","0.0","56.3","651.7","5.4","0.1","125.5"
"Jalen Coker","CAR","WR55","0.0","0.0","0.0","57.6","697.5","4.6","0.8","124.5"
"Juwan Johnson","NO","TE17","0.0","0.0","0.0","64.5","726.3","3.3","1.3","121.8"
"Brenton Strange","JAC","TE18","0.0","0.0","0.0","60.0","658.0","4.3","0.2","121.4"
"Theo Wease Jr.","MIA","WR56","2.0","8.0","0.0","48.0","685.0","5.0","1.0","121.3"
"Ricky Pearsall","SF","WR57","4.2","21.2","0.1","51.2","704.7","3.3","0.2","118.2"
"Jerry Jeudy","CLE","WR58","0.5","2.0","0.0","54.2","746.3","2.9","0.7","117.6"
"KC Concepcion","CLE","WR59","4.2","22.4","0.1","55.6","707.3","3.1","1.3","117.6"
"Tre Tucker","LV","WR60","11.2","52.9","0.2","50.1","633.7","3.8","0.1","116.9"
"Tank Dell","HOU","WR61","10.2","48.8","0.1","50.0","633.0","3.8","0.2","116.4"
"Dalton Schultz","HOU","TE19","0.0","0.0","0.0","65.8","629.8","3.4","0.2","115.7"
"Rashod Bateman","BAL","WR62","0.0","0.0","0.0","38.4","594.5","6.0","0.2","114.2"
"Alvin Kamara","NO","RB42","127.9","491.9","2.8","35.1","242.8","1.3","0.8","113.8"
"Tyjae Spears","TEN","RB43","92.1","368.0","2.9","45.9","305.2","1.2","0.7","113.4"
"Jayden Higgins","HOU","WR63","0.0","0.0","0.0","49.3","608.3","4.7","0.2","113.3"
"Zach Charbonnet","SEA","RB44","130.5","532.7","5.6","19.8","147.0","0.5","0.7","113.1"
"Woody Marks","HOU","RB45","142.6","555.4","2.7","24.0","197.7","1.8","0.8","112.3"
"Jalen McMillan","TB","WR64","4.7","26.8","0.1","46.7","606.1","3.9","0.2","110.5"
"Jauan Jennings","MIN","WR65","0.0","0.0","0.0","48.7","557.1","5.2","0.7","109.6"
"T.J. Hockenson","MIN","TE20","0.0","0.0","0.0","63.9","574.1","3.3","0.2","108.7"
"Jalen Nailor","LV","WR66","2.0","8.5","0.0","43.6","589.9","4.5","0.2","108.5"
"Pat Freiermuth","PIT","TE21","0.0","0.0","0.0","53.0","558.0","4.3","0.2","107.4"
"Tyrone Tracy Jr.","NYG","RB46","122.8","521.5","2.5","26.3","203.3","1.2","0.8","106.4"
"Greg Dulcich","MIA","TE22","0.0","0.0","0.0","54.6","619.7","3.2","1.2","106.2"
"Isiah Pacheco","DET","RB47","139.2","581.4","3.5","21.1","136.2","0.6","0.8","105.4"
"Kenyon Sadiq","NYJ","TE23","0.0","0.0","0.0","51.1","558.1","4.1","0.7","104.5"
"De'Zhaun Stribling","SF","WR67","1.5","6.5","0.0","43.7","618.9","3.5","0.7","104.2"
"Adonai Mitchell","NYJ","WR68","2.2","11.2","0.1","41.5","610.8","3.5","0.5","103.8"
"Antonio Williams","WAS","WR69","3.5","18.7","0.1","44.2","598.5","3.6","1.2","103.5"
"Denzel Boston","CLE","WR70","1.0","5.0","0.0","48.8","611.6","2.9","0.8","101.8"
"Cade Otton","TB","TE24","0.0","0.0","0.0","54.9","556.9","3.1","0.1","101.5"
"Cooper Kupp","SEA","WR71","0.5","1.5","0.0","47.4","583.9","3.4","0.7","101.4"
"AJ Barner","SEA","TE25","0.0","0.0","0.0","48.6","469.6","4.9","0.2","100.1"
"Chig Okonkwo","WAS","TE26","0.0","0.0","0.0","53.8","566.1","2.7","0.1","99.6"
"Justice Hill","BAL","RB48","56.4","273.6","2.2","34.7","303.1","1.8","0.2","98.7"
"Omar Cooper Jr.","NYJ","WR72","2.1","12.5","0.1","46.3","550.4","3.3","1.2","97.3"
"Oronde Gadsden II","LAC","TE27","0.0","0.0","0.0","44.2","550.2","3.5","0.7","96.7"
"Germie Bernard","PIT","WR73","2.1","10.8","0.0","44.6","550.8","3.1","0.8","95.8"
"Terrance Ferguson","LAR","TE28","0.0","0.0","0.0","36.3","500.4","4.5","0.2","94.7"
"Chris Rodriguez Jr.","JAC","RB49","133.8","553.1","5.1","5.4","42.5","0.1","0.6","92.1"
"Mike Gesicki","CIN","TE29","0.0","0.0","0.0","44.0","461.2","3.9","0.1","91.1"
"Travis Hunter","JAC","WR74","2.0","10.8","0.1","41.6","496.2","3.3","0.4","90.8"
"Xavier Legette","CAR","WR75","2.1","10.8","0.1","41.7","500.5","3.2","0.4","90.8"
"Evan Engram","DEN","TE30","0.0","0.0","0.0","53.4","471.8","2.7","0.1","90.0"
"Dylan Sampson","CLE","RB50","73.5","254.2","1.3","35.9","284.5","2.1","1.2","89.9"
"Brian Robinson Jr.","ATL","RB51","129.3","564.6","4.3","6.9","43.0","0.1","0.7","89.6"
"Kayshon Boutte","NE","WR76","0.0","0.0","0.0","32.0","486.2","4.2","0.1","89.5"
"Darnell Mooney","NYG","WR77","1.1","6.0","0.0","35.9","526.0","2.7","0.1","87.4"
"Samaje Perine","CIN","RB52","98.9","443.5","3.7","17.9","135.2","0.4","1.9","87.3"
"Bub Means","NO","WR78","1.0","6.0","0.0","38.0","516.0","3.0","1.0","87.2"
"Tyler Allgeier","ARI","RB53","111.7","428.1","4.2","17.1","108.4","0.2","0.6","87.1"
"Gunnar Helm","TEN","TE31","0.0","0.0","0.0","48.9","443.1","3.1","0.2","87.0"
"AJ Dillon","CAR","RB54","123.0","509.0","3.0","16.0","136.0","1.0","5.0","86.5"
"Jordan James","SF","RB55","102.3","416.6","3.2","16.1","148.2","0.7","1.2","85.3"
"Malik Washington","MIA","WR79","13.4","80.2","0.7","43.5","390.0","2.3","0.8","85.2"
"Ty Johnson","BUF","RB56","51.6","218.7","2.0","24.9","250.7","2.1","0.2","83.8"
"Darius Slayton","NYG","WR80","1.6","8.6","0.0","34.8","512.7","2.5","0.7","83.2"
"Ja'Kobi Lane","BAL","WR81","1.5","8.5","0.0","30.4","459.2","3.4","0.6","81.3"
"Tyquan Thornton","KC","WR82","0.0","0.0","0.0","25.4","465.8","3.5","0.1","79.9"
"Braelon Allen","NYJ","RB57","97.3","391.3","4.0","12.9","93.8","0.7","1.7","79.5"
"Zachariah Branch","ATL","WR83","0.0","0.0","0.0","38.3","471.3","2.3","0.4","79.4"
"Tory Horton","SEA","WR84","0.5","3.0","0.0","30.3","401.0","4.2","0.6","79.3"
"Troy Franklin","DEN","WR85","3.0","10.8","0.0","36.5","395.9","3.4","0.6","78.3"
"Christian Kirk","SF","WR86","0.0","0.0","0.0","36.4","430.4","2.7","0.1","77.5"
"Devaughn Vele","NO","WR87","0.0","0.0","0.0","35.1","422.8","2.8","0.1","76.7"
"Mason Taylor","NYJ","TE32","0.0","0.0","0.0","44.5","390.9","2.4","0.1","75.4"
"Colby Parkinson","LAR","TE33","0.0","0.0","0.0","34.3","354.4","3.9","0.6","74.7"
"Emari Demercado","KC","RB58","76.8","425.9","1.7","16.3","119.0","0.8","1.7","74.3"
"Hollywood Brown","PHI","WR88","0.0","0.0","0.0","31.3","389.6","3.3","0.1","74.0"
"Andrei Iosivas","CIN","WR89","2.5","11.1","0.0","31.1","393.7","2.9","0.1","73.5"
"David Njoku","LAC","TE34","0.0","0.0","0.0","34.7","324.2","3.9","0.1","73.1"
"Ryan Flournoy","DAL","WR90","2.2","12.4","0.1","34.0","383.8","2.7","0.4","72.4"
"Isaac TeSlaa","DET","WR91","0.0","0.0","0.0","25.4","351.9","4.1","0.1","72.3"
"Tre' Harris","LAC","WR92","0.0","0.0","0.0","34.5","408.4","2.5","0.4","72.2"
"Jalen Tolbert","MIA","WR93","0.0","0.0","0.0","35.4","441.7","1.8","0.3","71.8"
"Kaelon Black","SF","RB59","98.1","387.6","3.2","8.6","79.3","0.6","1.1","71.3"
"Chris Bell","MIA","WR94","0.0","0.0","0.0","34.2","448.9","1.7","0.4","71.3"
"Caleb Douglas","MIA","WR95","1.0","5.5","0.0","33.1","418.9","2.3","0.7","71.2"
"Mike Washington Jr.","LV","RB60","92.8","352.5","2.1","15.2","121.4","0.6","0.7","70.1"
"Michael Mayer","LV","TE35","0.0","0.0","0.0","40.0","377.4","2.1","0.1","70.1"
"Dyami Brown","WAS","WR96","0.0","0.0","0.0","29.6","392.1","2.7","0.3","69.4"
"Ted Hurst III","TB","WR97","1.0","6.5","0.0","28.9","389.5","2.6","0.6","68.2"
"Treylon Burks","WAS","WR98","0.0","0.0","0.0","28.3","393.6","2.3","0.2","66.8"
"Ashton Dulin","IND","WR99","5.1","46.2","0.1","24.1","399.9","1.6","0.1","66.4"
"Tank Bigsby","PHI","RB61","85.6","419.6","3.2","3.3","29.3","0.1","0.2","65.7"
"Dontayvion Wicks","PHI","WR100","0.5","3.0","0.0","31.1","355.0","2.4","0.1","65.5"
"Jack Bech","LV","WR101","0.0","0.0","0.0","34.5","397.8","1.5","0.4","65.2"
"Keaton Mitchell","LAC","RB62","85.2","395.4","1.9","11.5","82.8","0.2","0.7","65.0"
"Dawson Knox","BUF","TE36","0.0","0.0","0.0","28.7","328.7","2.9","0.1","64.6"
"Elic Ayomanor","TEN","WR102","0.0","0.0","0.0","23.9","323.0","3.2","0.0","63.4"
"Malik Davis","DAL","RB63","79.6","373.1","2.7","6.6","52.3","0.1","0.1","62.4"
"Theo Johnson","NYG","TE37","0.0","0.0","0.0","27.6","314.7","2.9","0.1","62.4"
"Chimere Dike","TEN","WR103","10.1","33.6","0.3","26.1","252.9","3.3","0.6","61.8"
"Jahan Dotson","ATL","WR104","0.0","0.0","0.0","28.7","358.2","1.9","0.2","60.9"
"Adam Randall","BAL","RB64","55.1","281.6","2.0","10.3","103.4","1.1","0.6","60.9"
"Jaylin Noel","HOU","WR105","4.2","22.2","0.1","28.8","322.6","1.8","0.3","59.8"
"Chris Brooks","GB","RB65","72.7","323.3","1.3","15.4","107.5","0.3","0.6","59.2"
"Darnell Washington","PIT","TE38","0.0","0.0","0.0","30.7","327.7","2.0","0.6","58.6"
"Pat Bryant","DEN","WR106","0.0","0.0","0.0","28.4","319.6","2.1","0.3","58.3"
"Tyler Higbee","LAR","TE39","0.0","0.0","0.0","26.1","306.5","2.4","0.0","58.1"
"Savion Williams","GB","WR107","9.0","47.0","0.3","23.9","271.5","2.0","0.3","57.0"
"Joshua Palmer","BUF","WR108","0.0","0.0","0.0","25.9","337.2","1.6","0.1","56.3"
"Kimani Vidal","LAC","RB66","62.2","251.0","1.6","11.9","104.3","0.7","0.1","55.1"
"Marvin Mims Jr.","DEN","WR109","8.2","45.1","0.3","24.2","272.4","1.6","0.4","54.7"
"Luke McCaffrey","WAS","WR110","0.0","0.0","0.0","20.7","289.4","2.6","0.1","54.6"
"KaVontae Turpin","DAL","WR111","17.7","102.5","0.4","18.2","229.9","1.7","0.4","54.5"
"Olamide Zaccheaus","ATL","WR112","1.5","9.5","0.0","30.1","277.1","1.8","0.1","54.5"
"Cole Kmet","CHI","TE40","0.0","0.0","0.0","25.9","271.4","2.2","0.1","53.3"
"Ja'Tavion Sanders","CAR","TE41","0.0","0.0","0.0","29.4","264.6","2.0","0.1","53.1"
"James Conner","ARI","RB67","42.5","155.0","1.5","18.0","131.0","1.0","0.0","52.6"
"Xavier Hutchinson","HOU","WR113","2.1","14.2","0.0","23.2","281.0","1.9","0.1","52.4"
"Noah Fant","NO","TE42","0.0","0.0","0.0","30.4","285.0","1.7","1.6","50.5"
"Tommy Tremble","CAR","TE43","0.0","0.0","0.0","26.6","253.7","2.0","0.1","50.3"
"Calvin Austin III","NYG","WR114","0.0","0.0","0.0","20.0","268.2","2.2","0.0","50.1"
"DeMario Douglas","NE","WR115","4.1","21.4","0.2","22.7","271.1","1.5","0.3","49.9"
"Elijah Sarratt","BAL","WR116","0.0","0.0","0.0","19.5","294.6","1.8","0.2","49.4"
"Keon Coleman","BUF","WR117","0.0","0.0","0.0","19.4","266.0","2.3","0.2","49.4"
"Jaylin Lane","WAS","WR118","0.0","0.0","0.0","22.7","279.2","1.8","0.2","49.4"
"Nick Westbrook-Ikhine","IND","WR119","0.0","0.0","0.0","21.7","269.6","2.0","0.2","49.3"
"Will Kacmarek","MIA","TE44","0.0","0.0","0.0","26.6","250.8","1.9","0.6","48.5"
"Jahdae Walker","CHI","WR120","0.5","3.5","0.0","17.1","225.8","2.7","0.0","47.4"
"Emanuel Wilson","SEA","RB68","69.7","289.5","1.7","7.7","52.1","0.0","0.5","47.3"
"Jaylen Wright","MIA","RB69","79.9","308.0","1.5","7.2","52.5","0.1","1.2","47.0"
"Erick All Jr.","CIN","TE45","0.0","0.0","0.0","26.1","228.4","1.6","0.1","45.5"
"Cedric Tillman","CLE","WR121","0.0","-0.5","0.0","18.5","235.1","2.1","0.0","45.3"
"Charlie Kolar","LAC","TE46","0.0","0.0","0.0","20.2","230.0","2.0","0.1","45.3"
"Jawhar Jordan","HOU","RB70","51.3","218.5","1.1","11.0","87.0","0.5","0.5","44.8"
"Austin Hooper","ATL","TE47","0.0","0.0","0.0","22.5","236.7","1.6","0.1","44.4"
"Demarcus Robinson","SF","WR122","0.5","2.5","0.0","17.7","252.2","1.7","0.0","44.2"
"Tutu Atwell","MIA","WR123","2.2","11.3","0.1","20.4","291.7","0.5","0.2","43.2"
"Kyle Juszczyk","SF","RB71","4.2","10.3","0.1","23.8","209.2","1.5","0.1","43.1"
"Josh Oliver","MIN","TE48","0.0","0.0","0.0","18.6","193.9","2.4","0.1","42.8"
"Eli Stowers","PHI","TE49","0.0","0.0","0.0","22.7","232.5","1.5","0.6","42.5"
"Daniel Bellinger","TEN","TE50","0.0","0.0","0.0","19.3","222.3","1.7","0.0","42.3"
"Jaydon Blue","DAL","RB72","48.7","205.0","1.5","8.8","61.8","0.4","0.2","42.1"
"Kevin Coleman Jr.","MIA","WR124","0.0","0.0","0.0","21.1","270.5","0.7","0.2","41.2"
"Brock Wright","DET","TE51","0.0","0.0","0.0","19.4","175.2","2.3","0.0","41.0"
"Noah Gray","KC","TE52","0.0","0.0","0.0","21.0","211.2","1.5","0.1","40.3"
"MarShawn Lloyd","GB","RB73","50.6","211.7","1.6","6.5","48.5","0.3","0.2","39.9"
"Luke Musgrave","GB","TE53","0.0","0.0","0.0","21.7","211.6","1.2","0.0","39.0"
"Kendrick Bourne","ARI","WR125","0.0","0.0","0.0","22.8","239.4","0.7","0.2","38.9"
"Elijah Arroyo","SEA","TE54","0.0","0.0","0.0","19.0","198.7","1.6","0.1","38.7"
"Isaiah Davis","NYJ","RB74","35.1","174.6","1.2","9.9","78.2","0.2","0.1","38.3"
"Adam Trautman","DEN","TE55","0.0","0.0","0.0","19.4","194.0","1.5","0.0","37.9"
"Eli Raridon","NE","TE56","0.0","0.0","0.0","18.8","195.8","1.5","0.6","37.1"
"George Holani","SEA","RB75","38.9","164.2","1.5","8.0","62.2","0.3","0.2","37.1"
"Kalif Raymond","CHI","WR126","4.6","27.2","0.2","19.2","187.0","0.9","0.2","36.9"
"Cyrus Allen","KC","WR127","0.0","0.0","0.0","16.2","202.8","1.3","0.2","35.6"
"Davis Allen","LAR","TE57","0.0","0.0","0.0","16.9","157.3","1.9","0.0","35.4"
"Ben Sims","MIA","TE58","0.0","0.0","0.0","19.5","184.7","1.2","0.0","35.2"
"Skyler Bell","BUF","WR128","0.0","0.0","0.0","15.1","205.5","1.2","0.2","35.0"
"LeQuint Allen Jr.","JAC","RB76","8.0","33.9","0.2","21.7","148.0","0.8","0.1","34.9"
"Marlin Klein","HOU","TE59","0.0","0.0","0.0","19.5","193.6","1.1","0.5","34.7"
"John Bates","WAS","TE60","0.0","0.0","0.0","18.4","173.3","1.5","0.6","34.6"
"Elijah Higgins","ARI","TE61","0.0","0.0","0.0","22.0","196.1","0.8","0.6","34.5"
"Bryce Lance","NO","WR129","0.0","0.0","0.0","16.4","204.4","0.9","0.2","33.9"
"Jordan Whittington","LAR","WR130","2.3","12.1","0.1","15.0","171.9","1.2","0.2","33.6"
"Frank Gore Jr.","BUF","RB77","37.0","174.0","2.0","3.0","26.0","0.0","0.0","33.5"
"Jake Tonges","SF","TE62","0.0","0.0","0.0","16.8","167.6","1.4","0.0","33.2"
"Roschon Johnson","CHI","RB78","33.0","115.0","3.0","3.0","17.0","0.0","0.0","32.7"
"Ollie Gordon II","MIA","RB79","49.4","202.8","1.2","3.9","27.8","0.1","0.2","32.7"
"Ray Davis","BUF","RB80","32.3","137.8","1.1","7.8","60.0","0.4","0.2","32.0"
"Jeremy Ruckert","NYJ","TE63","0.0","0.0","0.0","19.7","145.8","1.3","0.0","32.0"
"Emmett Johnson","KC","RB81","39.7","165.1","1.3","5.2","41.1","0.2","0.1","31.9"
"DJ Giddens","IND","RB82","33.6","141.5","1.0","8.6","56.8","0.3","0.2","31.6"
"Ty Chandler","NO","RB83","51.0","138.0","1.0","12.0","57.0","0.0","0.0","31.5"
"Sean Tucker","TB","RB84","38.8","163.8","2.2","1.5","10.2","0.0","0.1","31.4"
"Mitchell Evans","CAR","TE64","0.0","0.0","0.0","15.0","138.6","1.5","0.1","30.1"
"Drew Sample","CIN","TE65","0.0","0.0","0.0","17.3","146.3","1.2","0.1","29.9"
"Nate Boerkircher","JAC","TE66","0.0","0.0","0.0","14.9","155.3","1.3","0.5","29.6"
"Devontez Walker","BAL","WR131","0.0","0.0","0.0","11.6","166.4","1.2","0.1","29.3"
"Zavion Thomas","CHI","WR132","0.0","0.0","0.0","12.5","153.6","1.2","0.1","28.7"
"Jonah Coleman","DEN","RB85","28.3","117.9","0.9","8.1","58.6","0.3","0.1","28.7"
"Odell Beckham Jr.","NYG","WR133","0.3","1.4","0.0","13.3","164.3","0.9","0.1","28.5"
"Malachi Fields","NYG","WR134","0.0","0.0","0.0","13.2","157.5","0.9","0.1","27.4"
"Brashard Smith","KC","RB86","25.0","89.0","0.5","10.5","71.0","0.5","0.0","27.3"
"Nick Vannett","SEA","TE67","0.0","0.0","0.0","10.0","95.0","2.0","0.0","26.5"
"Dont'e Thornton Jr.","LV","WR135","0.0","0.0","0.0","12.1","167.6","0.6","0.1","26.2"
"Nate Adkins","DEN","TE68","0.0","0.0","0.0","11.9","88.3","1.8","0.0","25.7"
"Ben Sinnott","WAS","TE69","0.0","0.0","0.0","11.8","116.0","1.4","0.0","25.7"
"Phil Mafah","DAL","RB87","32.0","142.0","1.0","4.0","34.0","0.0","0.0","25.6"
"Cade Stover","HOU","TE70","0.0","0.0","0.0","15.2","128.1","0.9","0.1","25.5"
"Isaiah Bond","CLE","WR136","4.3","23.5","0.1","9.9","130.1","0.8","0.1","25.4"
"Jackson Hawes","BUF","TE71","0.0","0.0","0.0","10.6","115.1","1.4","0.0","25.4"
"Elijah Mitchell","PHI","RB88","35.0","159.0","1.0","2.0","22.0","0.0","0.0","25.1"
"Jam Miller","NE","RB89","34.0","156.0","1.0","2.0","25.0","0.0","0.0","25.1"
"Jack Endries","CIN","TE72","0.0","0.0","0.0","13.0","123.0","1.0","0.0","24.8"
"Luke Schoonmaker","DAL","TE73","0.0","0.0","0.0","13.2","121.6","0.9","0.0","24.4"
"Konata Mumpfield","LAR","WR137","0.0","0.0","0.0","9.9","126.7","1.2","0.1","24.3"
"Will Mallory","IND","TE74","0.0","0.0","0.0","11.0","125.0","1.0","0.0","24.0"
"Charlie Woerner","ATL","TE75","0.0","0.0","0.0","14.5","127.3","0.6","0.0","23.5"
"Grant Calcaterra","PHI","TE76","0.0","0.0","0.0","11.0","115.0","1.0","0.0","23.0"
"Foster Moreau","HOU","TE77","0.0","0.0","0.0","9.3","105.6","1.3","0.0","22.9"
"Rivaldo Fairweather","ARI","TE78","0.0","0.0","0.0","12.0","109.0","1.0","0.0","22.9"
"Salvon Ahmed","CHI","RB90","35.0","152.0","1.0","1.0","12.0","0.0","0.0","22.9"
"Tanner Hudson","CIN","TE79","0.0","0.0","0.0","13.1","110.3","0.9","0.1","22.7"
"Bauer Sharp","TB","TE80","0.0","0.0","0.0","11.0","112.0","1.0","0.0","22.7"
"Brenen Thompson","LAC","WR138","2.1","11.3","0.1","9.5","121.0","0.7","0.1","22.6"
"Mack Hollins","NE","WR139","0.0","0.0","0.0","10.8","126.7","0.8","0.1","22.6"
"Israel Abanikanda","DAL","RB91","32.0","147.0","1.0","1.0","14.0","0.0","0.0","22.6"
"Cam Grandy","CIN","TE81","0.0","0.0","0.0","13.0","100.0","1.0","0.0","22.5"
"Dallen Bentley","DEN","TE82","0.0","0.0","0.0","12.0","105.0","1.0","0.0","22.5"
"Dameon Pierce","PHI","RB92","35.0","161.0","1.0","0.0","0.0","0.0","0.0","22.1"
"Audric Estime","NO","RB93","30.0","122.0","1.0","3.0","24.0","0.0","0.0","22.1"
"Demond Claiborne","MIN","RB94","27.7","121.6","0.9","3.3","25.2","0.1","0.1","22.0"
"Donovan Edwards","MIA","RB95","31.0","130.0","1.0","2.0","19.0","0.0","0.0","21.9"
"Carlos Washington Jr.","MIA","RB96","31.0","130.0","1.0","2.0","19.0","0.0","0.0","21.9"
"Will Shipley","PHI","RB97","9.3","39.6","0.3","11.3","83.5","0.4","0.1","21.9"
"KeAndre Lambert-Smith","LAC","WR140","0.0","0.0","0.0","9.6","121.0","0.9","0.1","21.8"
"Mo Alie-Cox","IND","TE83","0.0","0.0","0.0","10.8","111.0","0.9","0.1","21.7"
"Seth McGowan","IND","RB98","22.3","97.1","1.2","3.2","26.9","0.1","0.0","21.6"
"Najee Harris","LAC","RB99","28.0","126.0","1.0","2.0","18.0","0.0","0.0","21.4"
"Thomas Fidone II","NYG","TE84","0.0","0.0","0.0","10.0","101.0","1.0","0.0","21.1"
"Jared Wiley","KC","TE85","0.0","0.0","0.0","11.0","95.0","1.0","0.0","21.0"
"Hunter Luepke","DAL","RB100","13.3","56.1","0.4","8.6","61.7","0.4","0.1","20.7"
"Connor Heyward","LV","TE86","4.2","17.6","0.1","9.0","65.9","1.1","0.0","20.0"
"Kaytron Allen","WAS","RB101","23.6","110.8","0.7","3.1","25.4","0.1","0.0","19.9"
"Drake Dabney","GB","TE87","0.0","0.0","0.0","9.0","94.0","1.0","0.0","19.9"
"Josh Whyle","GB","TE88","0.0","0.0","0.0","9.0","86.0","1.0","0.0","19.1"
"Kyle Williams","NE","WR141","4.1","22.3","0.2","6.4","91.5","0.6","0.1","18.8"
"Durham Smythe","BAL","TE89","0.0","0.0","0.0","9.8","94.1","0.7","0.1","18.7"
"Tahj Brooks","CIN","RB102","30.6","129.4","0.9","0.0","0.0","0.0","0.1","18.3"
"Tez Johnson","TB","WR142","4.4","23.3","0.2","6.7","77.6","0.6","0.1","18.1"
"Jimmy Horn Jr.","CAR","WR143","6.2","36.8","0.2","6.6","76.6","0.4","0.1","18.1"
"Devin Neal","NO","RB103","22.5","89.5","1.0","2.5","17.5","0.0","0.0","18.0"
"Devin Singletary","NYG","RB104","22.3","89.2","0.6","4.2","26.3","0.1","0.1","17.7"
"Nicholas Singleton","TEN","RB105","20.3","83.4","0.6","4.3","29.9","0.2","0.1","17.5"
"Jerome Ford","WAS","RB106","17.5","97.0","0.5","4.0","23.5","0.0","0.0","17.1"
"Mitch Tinsley","CIN","WR144","0.0","0.0","0.0","6.6","84.1","0.8","0.1","16.2"
"Max Klare","LAR","TE90","0.0","0.0","0.0","7.5","82.6","0.7","0.0","16.1"
"Tyler Badie","DEN","RB107","4.1","17.7","0.1","8.0","65.5","0.4","0.1","15.1"
"Justin Joly","DEN","TE91","0.0","0.0","0.0","8.0","71.4","0.7","0.0","15.0"
"Jalen Royals","KC","WR145","0.0","0.0","0.0","6.8","78.0","0.6","0.1","14.8"
"Devin Culp","TB","TE92","0.0","0.0","0.0","5.5","59.0","1.0","0.0","14.7"
"Tanner Koziol","JAC","TE93","0.0","0.0","0.0","7.0","73.3","0.6","0.0","14.6"
"Payne Durham","TB","TE94","0.0","0.0","0.0","7.2","70.7","0.6","0.1","14.4"
"Michael Burton","CLE","RB108","6.6","13.8","0.6","5.1","33.2","0.6","0.0","14.0"
"Isaac Guerendo","SF","RB109","16.5","80.0","0.5","2.0","18.5","0.0","0.0","13.9"
"Jack Stoll","CLE","TE95","0.0","0.0","0.0","7.3","62.7","0.6","0.0","13.4"
"Ian Thomas","LV","TE96","0.0","0.0","0.0","6.9","62.0","0.6","0.0","13.1"
"Hunter Long","JAC","TE97","0.0","0.0","0.0","5.0","44.5","1.0","0.0","13.0"
"Trevor Etienne","CAR","RB110","12.3","52.5","0.3","4.1","29.7","0.2","0.1","12.8"
"Anthony Gould","IND","WR146","0.0","0.0","0.0","7.0","74.5","0.3","0.1","12.8"
"Malik Benson","LV","WR147","0.0","0.0","0.0","6.4","79.3","0.3","0.1","12.5"
"Andrew Beck","NYJ","TE98","0.5","4.0","0.0","4.6","31.6","1.1","0.0","12.5"
"Joe Royer","CLE","TE99","0.0","0.0","0.0","7.5","67.3","0.3","0.1","12.4"
"Alec Ingold","LAC","RB111","2.1","8.6","0.1","7.9","58.3","0.2","0.1","12.4"
"Greg Dortch","DET","WR148","4.6","24.0","0.4","4.1","39.8","0.3","0.1","12.1"
"Lucas Krull","DEN","TE100","0.0","0.0","0.0","6.0","44.5","0.5","0.0","10.5"
"Bo Melton","GB","WR149","4.5","26.0","0.1","2.9","37.5","0.3","0.1","10.0"
"Cole Turner","MIA","TE101","0.0","0.0","0.0","4.5","43.5","0.5","0.0","9.6"
"Ben Skowronek","PIT","WR150","0.0","0.0","0.0","5.4","51.0","0.2","0.0","9.0"
"Tyrell Shavers","BUF","WR151","0.0","0.0","0.0","4.0","52.2","0.3","0.0","9.0"
"Derius Davis","LAC","WR152","2.1","11.0","0.1","3.5","37.9","0.3","0.1","8.5"
"Adam Prentice","DEN","RB112","4.1","17.4","0.1","4.1","29.8","0.2","0.0","8.4"
"Malachi Corley","CLE","WR153","6.4","43.8","0.2","1.7","16.5","0.1","0.1","8.3"
"Xavier Smith","LAR","WR154","0.0","0.0","0.0","3.6","44.4","0.3","0.0","8.1"
"Isaiah Williams","NYJ","WR155","2.2","12.7","0.1","3.8","35.8","0.1","0.1","8.1"
"Colbie Young","CIN","WR156","0.0","0.0","0.0","3.5","43.2","0.3","0.0","8.0"
"CJ Daniels","LAR","WR157","0.0","0.0","0.0","3.4","42.8","0.3","0.0","7.9"
"Luke Farrell","SF","TE102","0.0","0.0","0.0","4.3","41.0","0.3","0.0","7.9"
"Brevyn Spann-Ford","DAL","TE103","0.0","0.0","0.0","3.9","36.8","0.3","0.0","7.5"
"Max Bredeson","MIN","RB113","2.0","8.5","0.1","4.5","29.4","0.2","0.0","7.4"
"Ko Kieft","TB","TE104","0.0","0.0","0.0","3.7","36.1","0.3","0.0","7.2"
"CJ Dippre","NE","TE105","0.0","0.0","0.0","3.9","37.3","0.3","0.0","7.2"
"Kendre Miller","NO","RB114","12.9","54.8","0.3","0.0","0.0","0.0","0.0","7.2"
"Tyler Conklin","DET","TE106","0.0","0.0","0.0","3.7","38.0","0.3","0.0","7.1"
"Oscar Delp","NO","TE107","0.0","0.0","0.0","3.9","36.5","0.2","0.0","7.0"
"Justin Watson","HOU","WR158","0.0","0.0","0.0","3.1","41.6","0.2","0.0","7.0"
"Josh Cuevas","BAL","TE108","0.0","0.0","0.0","3.3","35.8","0.3","0.0","7.0"
"Jonathan Mingo","DAL","WR159","0.0","0.0","0.0","2.9","40.6","0.3","0.0","6.9"
"Tai Felton","MIN","WR160","0.0","0.0","0.0","3.7","37.1","0.2","0.0","6.9"
"Eric Saubert","SEA","TE109","0.0","0.0","0.0","3.4","34.4","0.3","0.0","6.9"
"Drew Ogletree","IND","TE110","0.0","0.0","0.0","3.7","35.4","0.3","0.0","6.9"
"Darius Cooper","PHI","WR161","0.0","0.0","0.0","3.3","37.7","0.3","0.0","6.8"
"Sam Roush","CHI","TE111","0.0","0.0","0.0","3.7","33.8","0.3","0.0","6.8"
"Barion Brown","NO","WR162","0.0","0.0","0.0","3.3","39.9","0.2","0.0","6.7"
"Laquon Treadwell","IND","WR163","0.0","0.0","0.0","3.5","36.9","0.2","0.0","6.5"
"Tip Reiman","ARI","TE112","0.0","0.0","0.0","3.8","34.5","0.2","0.0","6.5"
"Johnny Mundt","PHI","TE113","0.0","0.0","0.0","3.5","35.4","0.2","0.0","6.5"
"Reggie Virgil","ARI","WR164","0.0","0.0","0.0","3.4","39.3","0.1","0.0","6.4"
"Brycen Tremayne","CAR","WR165","0.0","0.0","0.0","3.3","36.5","0.2","0.0","6.3"
"Riley Nowakowski","PIT","TE114","0.0","0.0","0.0","4.3","29.1","0.2","0.0","6.0"
"Reggie Gilliam","NE","RB115","0.0","0.0","0.0","4.1","29.8","0.2","0.0","5.9"
"Patrick Ricard","NYG","RB116","0.0","0.0","0.0","4.0","26.9","0.1","0.0","5.5"
"Kaleb Johnson","PIT","RB117","8.6","35.8","0.2","0.0","0.0","0.0","0.0","4.8"
"Kaden Wetjen","PIT","WR166","2.1","11.7","0.1","1.6","18.8","0.1","0.0","4.8"
"Arian Smith","NYJ","WR167","4.3","23.7","0.2","0.0","0.0","0.0","0.0","3.4"
"Chris Manhertz","NYG","TE115","0.0","0.0","0.0","1.8","16.3","0.1","0.0","3.2"
"British Brooks","HOU","RB118","4.2","18.0","0.1","0.0","0.0","0.0","0.0","2.4"
"Kameron Johnson","TB","WR168","2.2","12.1","0.1","0.0","0.0","0.0","0.0","1.8"
"JuJu Smith-Schuster","NYG","WR169","0.0","0.0","0.0","0.7","6.4","0.0","0.0","1.2"
"David Moore","CAR","WR170","0.0","0.0","0.0","0.0","0.0","0.0","0.0","0.0"
"Braxton Berrios","NYG","WR171","0.0","0.0","0.0","0.0","0.0","0.0","0.0","0.0"
"Devin Duvernay","ARI","WR172","0.0","0.0","0.0","0.0","0.0","0.0","0.0","0.0"
"Mason Kinsey","TEN","WR173","0.0","0.0","0.0","0.0","0.0","0.0","0.0","0.0"
"Michael Bandy","DEN","WR174","0.0","0.0","0.0","0.0","0.0","0.0","0.0","0.0"
"Skyy Moore","GB","WR175","0.0","0.0","0.0","0.0","0.0","0.0","0.0","0.0"
"Britain Covey","PHI","WR176","0.0","0.0","0.0","0.0","0.0","0.0","0.0","0.0"
"Dareke Young","LV","WR177","0.0","0.0","0.0","0.0","0.0","0.0","0.0","0.0"
"Jacob Cowing","SF","WR178","0.0","0.0","0.0","0.0","0.0","0.0","0.0","0.0"
"Charlie Jones","CIN","WR179","0.0","0.0","0.0","0.0","0.0","0.0","0.0","0.0"
"Jalen Brooks","ARI","WR180","0.0","0.0","0.0","0.0","0.0","0.0","0.0","0.0"
"Nikko Remigio","KC","WR181","0.0","0.0","0.0","0.0","0.0","0.0","0.0","0.0"
"Jeshaun Jones","MIN","WR182","0.0","0.0","0.0","0.0","0.0","0.0","0.0","0.0"
"Mason Tipton","NO","WR183","0.0","0.0","0.0","0.0","0.0","0.0","0.0","0.0"
"Efton Chism III","NE","WR184","0.0","0.0","0.0","0.0","0.0","0.0","0.0","0.0"
"LaJohntay Wester","BAL","WR185","0.0","0.0","0.0","0.0","0.0","0.0","0.0","0.0"
"Ke'Shawn Williams","CIN","WR186","0.0","0.0","0.0","0.0","0.0","0.0","0.0","0.0"
"Myles Price","MIN","WR187","0.0","0.0","0.0","0.0","0.0","0.0","0.0","0.0"
"Gage Larvadain","CLE","WR188","0.0","0.0","0.0","0.0","0.0","0.0","0.0","0.0"
"Josh Cameron","JAC","WR189","0.0","0.0","0.0","0.0","0.0","0.0","0.0","0.0"
"Quintin Morris","JAC","TE116","0.0","0.0","0.0","0.0","0.0","0.0","0.0","0.0"
"Jelani Woods","NYJ","TE117","0.0","0.0","0.0","0.0","0.0","0.0","0.0","0.0"
"Blake Whiteheart","CLE","TE118","0.0","0.0","0.0","0.0","0.0","0.0","0.0","0.0"
"Julian Hill","NE","TE119","0.0","0.0","0.0","0.0","0.0","0.0","0.0","0.0"
"DeeJay Dallas","JAC","RB119","0.0","0.0","0.0","0.0","0.0","0.0","0.0","0.0"
"Kene Nwangwu","NYJ","RB120","0.0","0.0","0.0","0.0","0.0","0.0","0.0","0.0"
"Bam Knight","ARI","RB121","0.0","0.0","0.0","0.0","0.0","0.0","0.0","0.0"
"Trey Benson","ARI","RB122","0.0","0.0","0.0","0.0","0.0","0.0","0.0","0.0"
"Jacob Saylors","DET","RB123","0.0","0.0","0.0","0.0","0.0","0.0","0.0","0.0"
"Zavier Scott","MIN","RB124","0.0","0.0","0.0","0.0","0.0","0.0","0.0","0.0"
"Rasheen Ali","BAL","RB125","0.0","0.0","0.0","0.0","0.0","0.0","0.0","0.0"
"Dylan Laube","LV","RB126","0.0","0.0","0.0","0.0","0.0","0.0","0.0","0.0"
"Chris Collier","LV","RB127","0.0","0.0","0.0","0.0","0.0","0.0","0.0","0.0"
"Josh Williams","TB","RB128","0.0","0.0","0.0","0.0","0.0","0.0","0.0","0.0"
""
""